kernel,SoL % Mean,SoL % Min,SoL % Max,lib,n
sum,157.32549095972408,79.04808708106353,12298.569082805536,snda,134217728
sum,84.94111705137732,85.1222875738053,84.7154377822302,torch,134217728
sum,158.6338716356325,79.3832915120856,73603.65008335526,snda,1073741824
sum,86.5113074054772,86.56902380413527,86.44329401277103,torch,1073741824
